id,name,model_id:id,group_id:id,perm_read,perm_write,perm_create,perm_unlink
access_stocksense_reorder_rule_manager,stocksense.reorder.rule inventory manager,model_stocksense_reorder_rule,stock.group_stock_manager,1,1,1,1
access_stocksense_reorder_rule_user,stocksense.reorder.rule warehouse staff,model_stocksense_reorder_rule,stock.group_stock_user,1,1,1,0
access_stocksense_reorder_rule_employee,stocksense.reorder.rule read only,model_stocksense_reorder_rule,base.group_user,1,0,0,0
access_stocksense_orderpoint_staff,stock.warehouse.orderpoint warehouse staff,stock.model_stock_warehouse_orderpoint,stock.group_stock_user,1,1,1,0
<<<<<<< HEAD
access_stocksense_barcode_scanner_user,stocksense.barcode.scanner warehouse staff,model_stocksense_barcode_scanner,stock.group_stock_user,1,1,1,1
access_stocksense_barcode_scanner_manager,stocksense.barcode.scanner inventory manager,model_stocksense_barcode_scanner,stock.group_stock_manager,1,1,1,1
=======
access_stocksense_export_wizard_user,stocksense.export.wizard warehouse staff,model_stocksense_export_wizard,stock.group_stock_user,1,1,1,0
access_stocksense_export_wizard_manager,stocksense.export.wizard inventory manager,model_stocksense_export_wizard,stock.group_stock_manager,1,1,1,1
>>>>>>> 73d15fbc026a1fde2d5224c1081f012a544d35d7
